{
  "decision_weights": {
    "alpha": -0.3260667443275452,
    "gamma": 1.0499225679936612,
    "theta_f": 0.9900298500505926,
    "theta_w": 0.84361871525127,
    "theta_c": 1.0368737337359974,
    "beta_r": -0.3409879032161527,
    "beta_i": -0.33250236273339295,
    "age_effects": {
      "age_cat_0": 0.6202481532968915,
      "age_cat_1": -0.4761672718151462
    },
    "occ_effects": {
      "occ_cat_0": -0.09477152824401858,
      "occ_cat_1": 0.04239126936962678
    }
  },
  "layer_weights": {
    "family": 0.7705498106777238,
    "work_school": 0.4109671692621515,
    "community": 0.6063192093992108
  },
  "info_params": {
    "phi_family": 0.023518951031080877,
    "phi_work": 0.023162285096081675,
    "phi_community": 0.05687734128940675,
    "lambda_broadcast_base": 0.0936977940703834,
    "lambda_broadcast_factor_after_day10": 1.268747325053594,
    "rho_info_decay": 0.3797464866838965
  },
  "noise_params": {
    "tau": 1.385907469275141
  },
  "meta": {
    "seed": 42,
    "calibrator_name": "bayesian_optimization",
    "training_window": [
      1,
      12
    ],
    "acquisition_function": "EI",
    "kernel_type": "RBF",
    "n_trials": 300,
    "optimal_objective_value": 0.2,
    "n_optimization_trials": 300,
    "optimization_history_length": 590,
    "bo_config": {
      "acquisition_function": "EI",
      "kernel_type": "RBF",
      "n_trials": 300,
      "metric_type": "composite",
      "metric_weights": {
        "rmse": 0.4,
        "mae": 0.2,
        "brier": 0.2,
        "transition": 0.2
      },
      "normalize_metrics": true,
      "fast_mode_iterations": 50,
      "use_turbo": true,
      "turbo_config": {
        "trust_region_size": 0.6,
        "success_tolerance": 5,
        "failure_tolerance": 7,
        "expansion_factor": 1.5,
        "contraction_factor": 0.4,
        "min_trust_region": 1e-08,
        "max_trust_region": 0.8,
        "domain_informed": true,
        "risk_aware_lengths": true
      },
      "n_parameters": 23,
      "parameter_bounds": {
        "alpha": [
          -3.0,
          3.0
        ],
        "gamma": [
          0.5,
          3.0
        ],
        "theta_f": [
          0.5,
          2.0
        ],
        "theta_w": [
          0.5,
          2.0
        ],
        "theta_c": [
          0.5,
          2.0
        ],
        "beta_r": [
          -2.0,
          2.0
        ],
        "beta_i": [
          -2.0,
          2.0
        ],
        "family": [
          0.1,
          2.0
        ],
        "work_school": [
          0.1,
          2.0
        ],
        "community": [
          0.1,
          2.0
        ],
        "phi_family": [
          0.01,
          0.3
        ],
        "phi_work": [
          0.01,
          0.3
        ],
        "phi_community": [
          0.01,
          0.3
        ],
        "lambda_broadcast_base": [
          0.01,
          0.2
        ],
        "lambda_broadcast_factor_after_day10": [
          1.0,
          3.0
        ],
        "rho_info_decay": [
          0.1,
          0.9
        ],
        "tau": [
          0.5,
          2.0
        ],
        "age_0": [
          -2.0,
          2.0
        ],
        "age_1": [
          -2.0,
          2.0
        ],
        "age_2": [
          -2.0,
          2.0
        ],
        "occ_0": [
          -2.0,
          2.0
        ],
        "occ_1": [
          -2.0,
          2.0
        ],
        "occ_2": [
          -2.0,
          2.0
        ]
      },
      "domain_informed_bounds": {
        "alpha": [
          -1.5,
          1.0
        ],
        "gamma": [
          1.0,
          2.0
        ],
        "theta_f": [
          0.8,
          1.5
        ],
        "theta_w": [
          0.7,
          1.3
        ],
        "theta_c": [
          0.6,
          1.2
        ],
        "beta_r": [
          -1.0,
          1.0
        ],
        "beta_i": [
          -0.8,
          0.8
        ],
        "family": [
          0.3,
          1.2
        ],
        "work_school": [
          0.2,
          1.0
        ],
        "community": [
          0.15,
          0.8
        ],
        "phi_family": [
          0.02,
          0.15
        ],
        "phi_work": [
          0.015,
          0.12
        ],
        "phi_community": [
          0.01,
          0.08
        ],
        "lambda_broadcast_base": [
          0.02,
          0.1
        ],
        "lambda_broadcast_factor_after_day10": [
          1.2,
          2.2
        ],
        "rho_info_decay": [
          0.3,
          0.7
        ],
        "tau": [
          0.8,
          1.4
        ],
        "age_0": [
          -0.8,
          0.8
        ],
        "age_1": [
          -0.6,
          0.6
        ],
        "age_2": [
          -1.0,
          1.0
        ],
        "occ_0": [
          -0.8,
          0.8
        ],
        "occ_1": [
          -0.6,
          0.6
        ],
        "occ_2": [
          -1.0,
          1.0
        ]
      },
      "parameter_risk_levels": {
        "phi_family": "high",
        "phi_work": "high",
        "phi_community": "high",
        "lambda_broadcast_base": "high",
        "lambda_broadcast_factor_after_day10": "high",
        "alpha": "medium_high",
        "gamma": "medium_high",
        "beta_r": "medium_high",
        "beta_i": "medium_high",
        "theta_f": "medium",
        "theta_w": "medium",
        "theta_c": "medium",
        "family": "medium",
        "work_school": "medium",
        "community": "medium",
        "rho_info_decay": "medium",
        "tau": "low",
        "age_0": "low",
        "age_1": "low",
        "age_2": "low",
        "occ_0": "low",
        "occ_1": "low",
        "occ_2": "low"
      },
      "initial_trust_region_lengths": {
        "phi_family": 0.15,
        "phi_work": 0.15,
        "phi_community": 0.15,
        "lambda_broadcast_base": 0.15,
        "lambda_broadcast_factor_after_day10": 0.15,
        "alpha": 0.25,
        "gamma": 0.25,
        "beta_r": 0.25,
        "beta_i": 0.25,
        "theta_f": 0.35,
        "theta_w": 0.35,
        "theta_c": 0.35,
        "family": 0.35,
        "work_school": 0.35,
        "community": 0.35,
        "rho_info_decay": 0.35,
        "tau": 0.45,
        "age_0": 0.45,
        "age_1": 0.45,
        "age_2": 0.45,
        "occ_0": 0.45,
        "occ_1": 0.45,
        "occ_2": 0.45
      },
      "botorch_version": "0.15.1",
      "pytorch_version": "2.5.1"
    },
    "optimization_summary": {
      "n_initial_samples": 10,
      "n_bo_iterations": 290,
      "best_improvement": 0,
      "convergence_info": {
        "final_improvement": 0.0,
        "total_improvements": 0
      }
    }
  }
}