{
  "decision_weights": {
    "alpha": -0.3025601863861085,
    "gamma": 0.5,
    "theta_f": 0.5862593859434128,
    "theta_w": 0.5913679659366607,
    "theta_c": 1.5681056439876557,
    "beta_r": -1.334308886528015,
    "beta_i": -1.6646303176879882,
    "age_effects": {
      "age_cat_0": 1.1993704795837403,
      "age_cat_1": -0.7571100950241089
    },
    "occ_effects": {
      "occ_cat_0": -0.6369288206100464,
      "occ_cat_1": -1.0527166366577148
    }
  },
  "layer_weights": {
    "family": 1.3207952225208281,
    "work_school": 0.9994009459018707,
    "community": 1.3342903828620911
  },
  "info_params": {
    "phi_family": 0.03956912329047918,
    "phi_work": 0.032542960107326505,
    "phi_community": 0.21940535151958465,
    "lambda_broadcast_base": 0.1579691187143326,
    "lambda_broadcast_factor_after_day10": 1.0969142496585846,
    "rho_info_decay": 0.24840081810951237
  },
  "noise_params": {
    "tau": 1.9347346663475036
  },
  "meta": {
    "seed": 42,
    "calibrator_name": "bayesian_optimization",
    "training_window": [
      1,
      12
    ],
    "acquisition_function": "EI",
    "kernel_type": "RBF",
    "n_trials": 300,
    "optimal_objective_value": 0.2,
    "n_optimization_trials": 300,
    "optimization_history_length": 590,
    "bo_config": {
      "acquisition_function": "EI",
      "kernel_type": "RBF",
      "n_trials": 300,
      "metric_type": "composite",
      "metric_weights": {
        "rmse": 0.4,
        "mae": 0.2,
        "brier": 0.2,
        "transition": 0.2
      },
      "normalize_metrics": true,
      "fast_mode_iterations": 50,
      "use_turbo": true,
      "turbo_config": {
        "trust_region_size": 0.8,
        "success_tolerance": 3,
        "failure_tolerance": 10,
        "expansion_factor": 2.0,
        "contraction_factor": 0.5,
        "min_trust_region": 1e-08,
        "max_trust_region": 1.0
      },
      "n_parameters": 23,
      "parameter_bounds": {
        "alpha": [
          -3.0,
          3.0
        ],
        "gamma": [
          0.5,
          3.0
        ],
        "theta_f": [
          0.5,
          2.0
        ],
        "theta_w": [
          0.5,
          2.0
        ],
        "theta_c": [
          0.5,
          2.0
        ],
        "beta_r": [
          -2.0,
          2.0
        ],
        "beta_i": [
          -2.0,
          2.0
        ],
        "family": [
          0.1,
          2.0
        ],
        "work_school": [
          0.1,
          2.0
        ],
        "community": [
          0.1,
          2.0
        ],
        "phi_family": [
          0.01,
          0.3
        ],
        "phi_work": [
          0.01,
          0.3
        ],
        "phi_community": [
          0.01,
          0.3
        ],
        "lambda_broadcast_base": [
          0.01,
          0.2
        ],
        "lambda_broadcast_factor_after_day10": [
          1.0,
          3.0
        ],
        "rho_info_decay": [
          0.1,
          0.9
        ],
        "tau": [
          0.5,
          2.0
        ],
        "age_0": [
          -2.0,
          2.0
        ],
        "age_1": [
          -2.0,
          2.0
        ],
        "age_2": [
          -2.0,
          2.0
        ],
        "occ_0": [
          -2.0,
          2.0
        ],
        "occ_1": [
          -2.0,
          2.0
        ],
        "occ_2": [
          -2.0,
          2.0
        ]
      },
      "botorch_version": "0.15.1",
      "pytorch_version": "2.5.1"
    },
    "optimization_summary": {
      "n_initial_samples": 10,
      "n_bo_iterations": 290,
      "best_improvement": 0,
      "convergence_info": {
        "final_improvement": 0.0,
        "total_improvements": 0
      }
    }
  }
}