{
  "decision_weights": {
    "alpha": -1.6937300265470978,
    "gamma": 1.1452515774714362,
    "theta_f": 0.6453825641587462,
    "theta_w": 1.346277671842887,
    "theta_c": 0.5239851101908314,
    "beta_r": -0.0010606664782381423,
    "beta_i": -0.03417721391763905,
    "age_effects": {},
    "occ_effects": {}
  },
  "layer_weights": {
    "family": 0.2897582435677875,
    "work_school": 0.8922313954222394,
    "community": 1.8359365455801786
  },
  "info_params": {
    "phi_family": 0.11170865798846091,
    "phi_work": 0.04323526786200438,
    "phi_community": 0.21665643324563333,
    "lambda_broadcast_base": 0.029358369085521127,
    "lambda_broadcast_factor_after_day10": 1.8114008787633122,
    "rho_info_decay": 0.6323851512597296
  },
  "noise_params": {
    "tau": 0.7075390565924213
  },
  "meta": {
    "seed": 89,
    "calibrator_name": "random_search",
    "training_window": [
      1,
      24
    ],
    "trial": 47
  }
}