{
  "days": [
    30,
    31,
    32,
    33,
    34,
    35,
    36,
    37,
    38,
    39
  ],
  "forecast_mean_rates": [
    0.61945,
    0.6518999999999998,
    0.6879500000000001,
    0.7192000000000001,
    0.7527000000000001,
    0.7737499999999999,
    0.7942499999999999,
    0.8124499999999999,
    0.8255000000000001,
    0.83415
  ],
  "forecast_CI95": [
    0.005976308647704839,
    0.011548253328853177,
    0.013528914057637705,
    0.01454242420969547,
    0.015474987383720738,
    0.013747879568558167,
    0.0135590693284101,
    0.011875038650352603,
    0.010609853414335374,
    0.010109011831555359
  ],
  "k_runs": 20
}