day,forecast_mean_rate,forecast_CI95
30,0.61945,0.005976308647704839
31,0.6518999999999998,0.011548253328853177
32,0.6879500000000001,0.013528914057637705
33,0.7192000000000001,0.01454242420969547
34,0.7527000000000001,0.015474987383720738
35,0.7737499999999999,0.013747879568558167
36,0.7942499999999999,0.0135590693284101
37,0.8124499999999999,0.011875038650352603
38,0.8255000000000001,0.010609853414335374
39,0.83415,0.010109011831555359
