{
  "days": [
    15,
    16,
    17,
    18,
    19,
    20,
    21,
    22,
    23,
    24
  ],
  "forecast_mean_rates": [
    0.8854999999999998,
    0.9410000000000001,
    0.9479999999999998,
    0.9484999999999999,
    0.9475000000000001,
    0.9480000000000001,
    0.9524999999999999,
    0.9524999999999997,
    0.958,
    0.954
  ],
  "forecast_CI95": [
    0.014809626314628866,
    0.010439354688666786,
    0.010791716121271217,
    0.007952028539607785,
    0.010723584436087332,
    0.010977473585292264,
    0.009940830209955188,
    0.008516776014678935,
    0.007333648478076923,
    0.009580919635015806
  ],
  "k_runs": 20
}