day,forecast_mean_rate,forecast_CI95
15,0.8854999999999998,0.014809626314628866
16,0.9410000000000001,0.010439354688666786
17,0.9479999999999998,0.010791716121271217
18,0.9484999999999999,0.007952028539607785
19,0.9475000000000001,0.010723584436087332
20,0.9480000000000001,0.010977473585292264
21,0.9524999999999999,0.009940830209955188
22,0.9524999999999997,0.008516776014678935
23,0.958,0.007333648478076923
24,0.954,0.009580919635015806
