{
  "decision_weights": {
    "alpha": -0.6339666843414307,
    "gamma": 2.006711006164551,
    "theta_f": 1.2808523178100586,
    "theta_w": 1.4146451950073242,
    "theta_c": 1.3829665184020996,
    "beta_r": -0.0201544351875782,
    "beta_i": 0.26070401072502136,
    "age_effects": {
      "age_0": -0.076705701649189,
      "age_1": 0.31077373027801514,
      "age_2": -0.0016046595992520452
    },
    "occ_effects": {
      "occ_0": -0.09973526746034622,
      "occ_1": 0.2728288173675537,
      "occ_2": -0.0035378634929656982
    }
  },
  "layer_weights": {
    "family": 1.0501723289489746,
    "work_school": 0.9635355472564697,
    "community": 0.9790120124816895
  },
  "info_params": {
    "phi_family": 0.1673387736082077,
    "phi_work": 0.15728525817394257,
    "phi_community": 0.15579068660736084,
    "lambda_broadcast_base": 0.10411794483661652,
    "lambda_broadcast_factor_after_day10": 2.0322327613830566,
    "rho_info_decay": 0.491800993680954
  },
  "noise_params": {
    "tau": 0.7800050377845764
  },
  "meta": {
    "seed": 42,
    "calibrator_name": "sbi",
    "training_window": [
      1,
      12
    ],
    "parameter_source": "prior_sample",
    "parameter_estimation_method": "posterior_mean",
    "n_posterior_samples": 100,
    "posterior_mean": [
      -0.6339666843414307,
      2.006711006164551,
      1.2808523178100586,
      1.4146451950073242,
      1.3829665184020996,
      -0.0201544351875782,
      0.26070401072502136,
      1.0501723289489746,
      0.9635355472564697,
      0.9790120124816895,
      0.1673387736082077,
      0.15728525817394257,
      0.15579068660736084,
      0.10411794483661652,
      2.0322327613830566,
      0.491800993680954,
      0.7800050377845764,
      -0.076705701649189,
      0.31077373027801514,
      -0.0016046595992520452,
      -0.09973526746034622,
      0.2728288173675537,
      -0.0035378634929656982
    ],
    "posterior_std": [
      0.2936495542526245,
      0.535499095916748,
      0.3687676787376404,
      0.3511788249015808,
      0.3348013460636139,
      0.9783669114112854,
      0.9642014503479004,
      0.4720560908317566,
      0.44122621417045593,
      0.4223622679710388,
      0.06426507234573364,
      0.06932138651609421,
      0.07393110543489456,
      0.04664113000035286,
      0.47486039996147156,
      0.18175114691257477,
      0.16047260165214539,
      0.8438985347747803,
      0.9987275004386902,
      0.8951387405395508,
      0.8892770409584045,
      0.9144936800003052,
      0.9133442044258118
    ],
    "posterior_summary_stats": {
      "mean_param_std": 0.508184015750885,
      "max_param_std": 0.9987275004386902,
      "min_param_std": 0.04664113000035286
    }
  }
}