day,forecast_mean_rate,forecast_CI95
30,0.48929999999999996,0.00919552389967389
31,0.42474999999999996,0.007381567298986962
32,0.38245000000000007,0.00816773600016682
33,0.35100000000000003,0.010636974639138902
34,0.32620000000000005,0.009718787708676211
35,0.30780000000000013,0.011554117097153586
36,0.3025,0.01081838143356506
37,0.29325,0.010276236409154963
38,0.2938,0.009565713157445517
39,0.2889,0.00871089476339528
