{
  "days": [
    30,
    31,
    32,
    33,
    34,
    35,
    36,
    37,
    38,
    39
  ],
  "forecast_mean_rates": [
    0.48929999999999996,
    0.42474999999999996,
    0.38245000000000007,
    0.35100000000000003,
    0.32620000000000005,
    0.30780000000000013,
    0.3025,
    0.29325,
    0.2938,
    0.2889
  ],
  "forecast_CI95": [
    0.00919552389967389,
    0.007381567298986962,
    0.00816773600016682,
    0.010636974639138902,
    0.009718787708676211,
    0.011554117097153586,
    0.01081838143356506,
    0.010276236409154963,
    0.009565713157445517,
    0.00871089476339528
  ],
  "k_runs": 20
}